{"pred": [[0, 0, 0, 0, 0, 0, 6, 0, 0], [0, 0, 0, 0, 6, 6, 6, 0, 6], [0, 0, 0, 0, 0, 0, 0, 6, 0], [0, 6, 0, 0, 0, 0, 0, 6, 0], [0, 6, 0, 0, 6, 0, 6, 0, 0], [0, 0, 0, 0, 0, 0, 0, 0, 6], [0, 0, 0, 0, 0, 0, 0, 0, 0], [0, 0, 0, 6, 0, 6, 0, 0, 0], [0, 6, 6, 6, 0, 0, 0, 0, 6]], "target": [[6, 10, 9, 5, 7, 2, 3, 8, 4], [8, 4, 2, 6, 3, 9, 5, 10, 7], [3, 7, 5, 4, 10, 8, 6, 9, 2], [9, 8, 10, 7, 4, 3, 2, 5, 6], [5, 3, 7, 2, 6, 10, 8, 4, 9], [2, 6, 4, 9, 8, 5, 10, 7, 3], [7, 2, 6, 10, 5, 4, 9, 3, 8], [4, 5, 3, 8, 9, 6, 7, 2, 10], [10, 9, 8, 3, 2, 7, 4, 6, 5]], "logits": [[[0.69921875, -0.2275390625, -0.2236328125, 0.0267333984375, 0.287109375, -1.3984375, 0.5859375, -1.1484375, -0.56640625, -0.6875, -0.392578125], [0.63671875, -0.2451171875, -0.2890625, 0.02392578125, 0.1953125, -1.5703125, 0.625, -1.2578125, -0.46484375, -0.71484375, -0.4921875], [0.69921875, -0.2119140625, -0.2119140625, 0.0380859375, 0.28125, -1.421875, 0.62890625, -1.1640625, -0.55859375, -0.6953125, -0.38671875], [0.734375, -0.1865234375, -0.21484375, 0.01422119140625, 0.298828125, -1.4140625, 0.62109375, -1.125, -0.54296875, -0.703125, -0.392578125], [0.73828125, -0.1806640625, -0.2451171875, -0.01336669921875, 0.306640625, -1.421875, 0.6328125, -1.09375, -0.54296875, -0.6953125, -0.39453125], [0.69140625, -0.39453125, -0.275390625, 0.01165771484375, 0.51171875, -1.4921875, 0.5703125, -1.0078125, -0.68359375, -0.60546875, -0.5625], [0.546875, -0.263671875, -0.232421875, -0.057861328125, 0.28515625, -1.3671875, 0.72265625, -1.0703125, -0.7578125, -0.5859375, -0.302734375], [0.75, -0.2177734375, -0.224609375, -0.037109375, 0.3203125, -1.421875, 0.63671875, -1.125, -0.54296875, -0.7109375, -0.376953125], [0.74609375, -0.240234375, -0.1943359375, -0.0238037109375, 0.291015625, -1.40625, 0.6484375, -1.1328125, -0.53515625, -0.71875, -0.3671875]], [[0.734375, -0.2314453125, -0.203125, -0.001495361328125, 0.294921875, -1.390625, 0.63671875, -1.109375, -0.53515625, -0.6953125, -0.390625], [0.61328125, -0.220703125, -0.2041015625, -0.07861328125, 0.365234375, -1.34375, 0.609375, -1.28125, -0.6015625, -0.66796875, -0.478515625], [0.73046875, -0.25390625, -0.212890625, -0.040771484375, 0.345703125, -1.4375, 0.60546875, -1.125, -0.55859375, -0.6484375, -0.396484375], [0.73828125, -0.263671875, -0.2236328125, -0.052001953125, 0.35546875, -1.4296875, 0.59765625, -1.140625, -0.59375, -0.66796875, -0.408203125], [0.515625, -0.26953125, -0.259765625, -0.0234375, 0.255859375, -1.34375, 0.70703125, -1.078125, -0.76953125, -0.56640625, -0.328125], [0.6015625, -0.09326171875, -0.2294921875, 0.050048828125, 0.330078125, -1.34375, 0.7578125, -1.125, -0.55859375, -0.51953125, -0.470703125], [0.5859375, -0.12109375, -0.1953125, 0.07177734375, 0.1767578125, -1.453125, 0.80078125, -1.21875, -0.5625, -0.59375, -0.40234375], [0.71484375, -0.263671875, -0.2041015625, 0.037353515625, 0.2734375, -1.40625, 0.6875, -1.1640625, -0.49609375, -0.73046875, -0.380859375], [0.67578125, -0.255859375, -0.234375, -0.00628662109375, 0.302734375, -1.484375, 0.72265625, -1.1640625, -0.50390625, -0.72265625, -0.515625]], [[0.71875, -0.2890625, -0.1796875, -0.00421142578125, 0.291015625, -1.4453125, 0.67578125, -1.203125, -0.5234375, -0.7265625, -0.388671875], [0.69921875, -0.287109375, -0.1875, -0.00799560546875, 0.2890625, -1.4765625, 0.68359375, -1.1484375, -0.515625, -0.76953125, -0.474609375], [0.72265625, -0.228515625, -0.216796875, -0.054443359375, 0.322265625, -1.4609375, 0.6328125, -1.1640625, -0.546875, -0.66796875, -0.39453125], [0.73828125, -0.1953125, -0.2431640625, -0.041748046875, 0.326171875, -1.46875, 0.65234375, -1.1875, -0.54296875, -0.65625, -0.40625], [0.7421875, -0.208984375, -0.259765625, -0.027099609375, 0.314453125, -1.4453125, 0.66015625, -1.1953125, -0.54296875, -0.640625, -0.408203125], [0.74609375, -0.212890625, -0.251953125, -0.02587890625, 0.3046875, -1.4375, 0.66015625, -1.1953125, -0.55859375, -0.671875, -0.392578125], [0.75, -0.228515625, -0.2314453125, -0.034912109375, 0.294921875, -1.453125, 0.63671875, -1.1875, -0.56640625, -0.70703125, -0.39453125], [0.59375, -0.1005859375, -0.2197265625, 0.036376953125, 0.314453125, -1.375, 0.73046875, -1.1953125, -0.53125, -0.53515625, -0.4453125], [0.734375, -0.2578125, -0.2236328125, -0.0250244140625, 0.287109375, -1.4296875, 0.65625, -1.15625, -0.55859375, -0.73828125, -0.376953125]], [[0.71875, -0.265625, -0.244140625, -0.0128173828125, 0.291015625, -1.4296875, 0.6640625, -1.15625, -0.56640625, -0.71875, -0.380859375], [0.58984375, -0.1611328125, -0.2138671875, -0.01513671875, 0.279296875, -1.4921875, 0.71875, -1.0625, -0.6171875, -0.435546875, -0.2890625], [0.734375, -0.275390625, -0.2431640625, -0.0186767578125, 0.310546875, -1.4296875, 0.64453125, -1.1328125, -0.53125, -0.71875, -0.375], [0.73828125, -0.28515625, -0.2373046875, -0.03466796875, 0.3125, -1.4375, 0.66015625, -1.140625, -0.53125, -0.72265625, -0.38671875], [0.7265625, -0.2890625, -0.23828125, -0.038330078125, 0.318359375, -1.4453125, 0.66796875, -1.171875, -0.5234375, -0.7109375, -0.392578125], [0.73046875, -0.296875, -0.2412109375, -0.0693359375, 0.30859375, -1.4453125, 0.66796875, -1.1484375, -0.55859375, -0.69140625, -0.40234375], [0.63671875, -0.4296875, -0.21875, 0.058837890625, 0.46484375, -1.53125, 0.53515625, -1.0234375, -0.65625, -0.59375, -0.515625], [0.57421875, -0.15625, -0.201171875, 0.05078125, 0.1953125, -1.515625, 0.7734375, -1.2421875, -0.609375, -0.57421875, -0.41796875], [0.74609375, -0.2431640625, -0.2451171875, -0.039794921875, 0.314453125, -1.4140625, 0.6484375, -1.1796875, -0.5703125, -0.6796875, -0.37109375]], [[0.75390625, -0.2734375, -0.2177734375, -0.056640625, 0.341796875, -1.421875, 0.63671875, -1.1875, -0.55859375, -0.71484375, -0.3828125], [0.486328125, -0.224609375, -0.24609375, -0.06591796875, 0.25390625, -1.3828125, 0.6953125, -1.1796875, -0.6796875, -0.59765625, -0.31640625], [0.76171875, -0.2470703125, -0.220703125, -0.060791015625, 0.32421875, -1.390625, 0.67578125, -1.1953125, -0.5234375, -0.69140625, -0.392578125], [0.76171875, -0.2314453125, -0.2470703125, -0.0228271484375, 0.3046875, -1.328125, 0.6953125, -1.1875, -0.53125, -0.70703125, -0.37109375], [0.73046875, -0.29296875, -0.15234375, 0.04052734375, 0.35546875, -1.46875, 0.796875, -1.1015625, -0.53125, -0.6015625, -0.4453125], [0.77734375, -0.2314453125, -0.216796875, -0.031982421875, 0.3203125, -1.359375, 0.671875, -1.1875, -0.52734375, -0.67578125, -0.404296875], [0.59765625, -0.142578125, -0.1572265625, -0.01434326171875, 0.30078125, -1.3984375, 0.6953125, -1.1171875, -0.64453125, -0.4609375, -0.322265625], [0.80078125, -0.265625, -0.1884765625, -0.04296875, 0.279296875, -1.40625, 0.640625, -1.203125, -0.55078125, -0.6953125, -0.400390625], [0.7890625, -0.29296875, -0.203125, -0.02294921875, 0.283203125, -1.3984375, 0.640625, -1.203125, -0.54296875, -0.6875, -0.39453125]], [[0.76953125, -0.287109375, -0.22265625, 0.01556396484375, 0.271484375, -1.3828125, 0.640625, -1.2109375, -0.578125, -0.69921875, -0.37109375], [0.7734375, -0.28515625, -0.21875, 0.04150390625, 0.26953125, -1.375, 0.6640625, -1.171875, -0.57421875, -0.69921875, -0.361328125], [0.66015625, -0.2314453125, -0.25, -0.049072265625, 0.3828125, -1.3359375, 0.5859375, -1.390625, -0.54296875, -0.71484375, -0.53125], [0.765625, -0.2734375, -0.236328125, 0.013916015625, 0.29296875, -1.3671875, 0.66015625, -1.1484375, -0.5390625, -0.71875, -0.390625], [0.77734375, -0.2578125, -0.236328125, -0.00897216796875, 0.32421875, -1.359375, 0.6796875, -1.15625, -0.5078125, -0.7421875, -0.412109375], [0.75, -0.2490234375, -0.212890625, -0.0234375, 0.33203125, -1.40625, 0.68359375, -1.1796875, -0.5078125, -0.734375, -0.41015625], [0.75, -0.26953125, -0.2099609375, -0.03515625, 0.328125, -1.4296875, 0.66015625, -1.1875, -0.5078125, -0.71484375, -0.3984375], [0.76171875, -0.279296875, -0.2060546875, -0.01409912109375, 0.306640625, -1.4375, 0.66015625, -1.1953125, -0.5234375, -0.6953125, -0.39453125], [0.50390625, -0.32421875, -0.171875, 0.0106201171875,